gimnasios,paradas,mochila,distancia,cantciclos
5,5,3,54.8176,5.13579e+08
5,5,4,65.6562,3.70523e+08
5,5,5,53.5693,2.63905e+08
5,5,6,42.9099,2.98321e+08
5,5,7,49.7122,4.08971e+08
5,5,8,52.0746,3.49116e+08
5,5,9,45.5751,1.87473e+08
5,5,10,42.5108,9.0004e+07
5,5,11,38.8889,1.41743e+08
5,5,12,33.0141,1.58859e+08
5,5,13,57.7582,5.70538e+08
5,5,14,49.3084,2.94076e+08
5,5,15,34.4992,2.83137e+08
