gimnasios,paradas,mochila,distancia,cantciclos
5,5,3,11.8929,5.38036e+07
5,5,3,15.129,8.80907e+07
5,5,3,15.129,8.85637e+07
