gimnasios,paradas,mochila,distancia,cantciclos
5,5,3,120.116,7.88864e+08
5,5,4,120.116,7.86806e+08
5,5,5,120.116,7.89175e+08
5,5,6,65.4099,9.17443e+08
5,5,7,65.4099,9.29943e+08
5,5,8,65.4099,9.2589e+08
5,5,9,42.0921,2.57589e+08
5,5,10,42.0921,2.59023e+08
5,5,11,42.0921,2.5832e+08
5,5,12,42.0921,3.12286e+08
5,5,13,42.0921,3.10976e+08
5,5,14,42.0921,3.09528e+08
5,5,15,25.5441,3.89276e+07
