gimnasios,paradas,mochila,distancia,cantciclos
5,5,3,15.129,8.86405e+07
5,5,4,13.5366,8.3717e+07
5,5,5,13.5366,8.38122e+07
5,5,6,13.5366,8.95392e+07
5,5,7,13.5366,9.23111e+07
5,5,8,13.5366,8.83185e+07
5,5,9,13.5366,8.86306e+07
5,5,10,13.5366,8.82528e+07
5,5,11,13.5366,8.85001e+07
5,5,12,13.5366,8.88514e+07
5,5,13,13.5366,8.94469e+07
5,5,14,13.5366,8.8528e+07
5,5,15,13.5366,8.96338e+07
