gimnasios,paradas,mochila,distancia,cantciclos
5,5,3,45.1558,5.11662e+08
5,5,3,132.423,8.02153e+08
5,5,3,132.423,7.94471e+08
