gimnasios,paradas,mochila,distancia,cantciclos
1,9,5,16.0565,1.20285e+06
2,8,5,35.3613,5.07301e+07
3,7,5,44.2452,5.8697e+07
4,6,5,93.8662,4.2843e+08
5,5,5,87.0949,4.378e+08
6,4,5,90.3979,2.30265e+08
7,3,5,58.6433,1.34084e+08
8,2,5,71.3603,1.02869e+08
9,1,5,66.4285,2.39023e+08
10,0,5,66.2914,2.71517e+08
