gimnasios,paradas,mochila,distancia,cantciclos
5,5,3,15.129,8.94368e+07
5,5,4,13.5366,8.80836e+07
5,5,5,13.5366,8.70971e+07
5,5,6,13.5366,9.38994e+07
5,5,7,13.5366,9.3158e+07
5,5,8,13.5366,8.89253e+07
5,5,9,13.5366,8.85469e+07
5,5,10,13.5366,9.35684e+07
5,5,11,13.5366,9.38197e+07
5,5,12,13.5366,9.36507e+07
5,5,13,13.5366,8.9777e+07
5,5,14,13.5366,8.85953e+07
5,5,15,13.5366,8.85179e+07
