gimnasios,paradas,mochila,distancia,cantciclos
1,9,5,16.0565,1.24067e+06
2,8,5,35.3613,5.10434e+07
3,7,5,44.2452,5.97715e+07
4,6,5,93.8662,4.29038e+08
5,5,5,87.0949,4.39882e+08
6,4,5,90.3979,2.3338e+08
7,3,5,58.6433,1.406e+08
8,2,5,71.3603,1.07332e+08
9,1,5,66.4285,2.39527e+08
