gimnasios,paradas,mochila,distancia,cantciclos
1,9,3,12.2066,1.04887e+08
2,8,3,37.4515,1.32446e+09
3,7,3,62.0621,2.384e+09
4,6,3,90.0173,2.20007e+09
5,5,3,118.827,8.04324e+08
6,4,3,3.40282e+38,1.53315e+08
7,3,3,3.40282e+38,1.78914e+07
8,2,3,3.40282e+38,1.71177e+06
9,1,3,3.40282e+38,715237
10,0,3,3.40282e+38,163638
