gimnasios,paradas,mochila,distancia,cantciclos
5,5,3,48.1711,5.96231e+08
5,5,3,132.536,8.01971e+08
5,5,3,132.536,8.01123e+08
