gimnasios,paradas,mochila,distancia,cantciclos
5,5,3,11.8929,5.56494e+07
5,5,3,15.129,9.12143e+07
5,5,3,15.129,9.29859e+07
